[
  {
    "uniqueid": 1001,
    "dateofbite": "May 11 2016",
    "species": "DOG",
    "breed": "American Pit Bull Mix / Pit Bull Mix",
    "age": 1,
    "gender": "U",
    "spayneuter": "FALSE",
    "borough": "Brooklyn",
    "zipcode": 11210
  },
  {
    "uniqueid": 1003,
    "dateofbite": "May 11 2016",
    "species": "DOG",
    "breed": "Pit Bull",
    "age": "",
    "gender": "U",
    "spayneuter": "FALSE",
    "borough": "Brooklyn",
    "zipcode": 11212
  },
  {
    "uniqueid": 1011,
    "dateofbite": "May 11 2016",
    "species": "DOG",
    "breed": "Jack Russ",
    "age": 7,
    "gender": "M",
    "spayneuter": "TRUE",
    "borough": "Brooklyn",
    "zipcode": 11238
  },
  {
    "uniqueid": 1016,
    "dateofbite": "May 11 2016",
    "species": "DOG",
    "breed": "Pit Bull",
    "age": "",
    "gender": "U",
    "spayneuter": "FALSE",
    "borough": "Brooklyn",
    "zipcode": 11212
  },
  {
    "uniqueid": 3080,
    "dateofbite": "May 11 2016",
    "species": "DOG",
    "breed": "Shih Tzu",
    "age": 9,
    "gender": "F",
    "spayneuter": "FALSE",
    "borough": "Bronx",
    "zipcode": 10451
  },
  {
    "uniqueid": 5114,
    "dateofbite": "May 11 2016",
    "species": "DOG",
    "breed": "Unknown",
    "age": "",
    "gender": "U",
    "spayneuter": "FALSE",
    "borough": "Manhattan",
    "zipcode": 10027
  },
  {
    "uniqueid": 5137,
    "dateofbite": "May 11 2016",
    "species": "DOG",
    "breed": "Chihuahua Crossbreed",
    "age": 2,
    "gender": "M",
    "spayneuter": "TRUE",
    "borough": "Manhattan",
    "zipcode": 10025
  },
  {
    "uniqueid": 5297,
    "dateofbite": "May 11 2016",
    "species": "DOG",
    "breed": "Pit Bull",
    "age": 1,
    "gender": "U",
    "spayneuter": "FALSE",
    "borough": "Manhattan",
    "zipcode": 10023
  },
  {
    "uniqueid": 6615,
    "dateofbite": "May 11 2016",
    "species": "DOG",
    "breed": "Chihuahua",
    "age": 7,
    "gender": "M",
    "spayneuter": "FALSE",
    "borough": "Other",
    "zipcode": 10566
  },
  {
    "uniqueid": 1005,
    "dateofbite": "May 12 2016",
    "species": "DOG",
    "breed": "Beagle Crossbreed",
    "age": 4,
    "gender": "M",
    "spayneuter": "TRUE",
    "borough": "Brooklyn",
    "zipcode": 11223
  },
  {
    "uniqueid": 1008,
    "dateofbite": "May 12 2016",
    "species": "DOG",
    "breed": "POODLE X",
    "age": 12,
    "gender": "M",
    "spayneuter": "TRUE",
    "borough": "Brooklyn",
    "zipcode": 11237
  },
  {
    "uniqueid": 1012,
    "dateofbite": "May 12 2016",
    "species": "DOG",
    "breed": "Unknown",
    "age": "",
    "gender": "U",
    "spayneuter": "FALSE",
    "borough": "Brooklyn",
    "zipcode": ""
  },
  {
    "uniqueid": 1029,
    "dateofbite": "May 12 2016",
    "species": "DOG",
    "breed": "Rottweiler",
    "age": 2,
    "gender": "M",
    "spayneuter": "TRUE",
    "borough": "Brooklyn",
    "zipcode": 11215
  },
  {
    "uniqueid": 3076,
    "dateofbite": "May 12 2016",
    "species": "DOG",
    "breed": "Jack Russ",
    "age": 8,
    "gender": "M",
    "spayneuter": "TRUE",
    "borough": "Bronx",
    "zipcode": 10461
  },
  {
    "uniqueid": 3078,
    "dateofbite": "May 12 2016",
    "species": "DOG",
    "breed": "Bull dog",
    "age": 6,
    "gender": "M",
    "spayneuter": "FALSE",
    "borough": "Bronx",
    "zipcode": 10469
  },
  {
    "uniqueid": 3081,
    "dateofbite": "May 12 2016",
    "species": "DOG",
    "breed": "HUSKY",
    "age": "",
    "gender": "U",
    "spayneuter": "FALSE",
    "borough": "Bronx",
    "zipcode": ""
  },
  {
    "uniqueid": 5118,
    "dateofbite": "May 12 2016",
    "species": "DOG",
    "breed": "MASTIFF",
    "age": "2 YRS",
    "gender": "M",
    "spayneuter": "TRUE",
    "borough": "Manhattan",
    "zipcode": ""
  },
  {
    "uniqueid": 7974,
    "dateofbite": "May 12 2016",
    "species": "DOG",
    "breed": "Yorkshire Terrier",
    "age": 13,
    "gender": "M",
    "spayneuter": "TRUE",
    "borough": "Queens",
    "zipcode": 11356
  },
  {
    "uniqueid": 7976,
    "dateofbite": "May 12 2016",
    "species": "DOG",
    "breed": "Shih Tzu",
    "age": 2,
    "gender": "M",
    "spayneuter": "FALSE",
    "borough": "Queens",
    "zipcode": ""
  },
  {
    "uniqueid": 8055,
    "dateofbite": "May 12 2016",
    "species": "DOG",
    "breed": "Bull dog",
    "age": "",
    "gender": "U",
    "spayneuter": "FALSE",
    "borough": "Queens",
    "zipcode": 11374
  },
  {
    "uniqueid": 9767,
    "dateofbite": "May 12 2016",
    "species": "DOG",
    "breed": "Shih Tzu",
    "age": "8 YRS",
    "gender": "M",
    "spayneuter": "TRUE",
    "borough": "Staten Island",
    "zipcode": 10306
  },
  {
    "uniqueid": 9768,
    "dateofbite": "May 12 2016",
    "species": "DOG",
    "breed": "Boxer",
    "age": "10 MTHS",
    "gender": "M",
    "spayneuter": "FALSE",
    "borough": "Staten Island",
    "zipcode": 10307
  },
  {
    "uniqueid": 1013,
    "dateofbite": "May 13 2016",
    "species": "DOG",
    "breed": "Pit Bull",
    "age": "",
    "gender": "U",
    "spayneuter": "FALSE",
    "borough": "Brooklyn",
    "zipcode": ""
  },
  {
    "uniqueid": 3083,
    "dateofbite": "May 13 2016",
    "species": "DOG",
    "breed": "Chihuahua",
    "age": "1 YR",
    "gender": "M",
    "spayneuter": "FALSE",
    "borough": "Bronx",
    "zipcode": 10453
  },
  {
    "uniqueid": 6586,
    "dateofbite": "May 13 2016",
    "species": "DOG",
    "breed": "LASAH APSO/POODLE",
    "age": "9 YRS",
    "gender": "M",
    "spayneuter": "TRUE",
    "borough": "Other",
    "zipcode": 10701
  },
  {
    "uniqueid": 7977,
    "dateofbite": "May 13 2016",
    "species": "DOG",
    "breed": "MUTT",
    "age": "",
    "gender": "F",
    "spayneuter": "FALSE",
    "borough": "Queens",
    "zipcode": 11429
  },
  {
    "uniqueid": 1006,
    "dateofbite": "May 14 2016",
    "species": "DOG",
    "breed": "Pit Bull",
    "age": 4,
    "gender": "U",
    "spayneuter": "FALSE",
    "borough": "Brooklyn",
    "zipcode": 11208
  },
  {
    "uniqueid": 1007,
    "dateofbite": "May 14 2016",
    "species": "DOG",
    "breed": "Mixed/Other",
    "age": "",
    "gender": "U",
    "spayneuter": "FALSE",
    "borough": "Brooklyn",
    "zipcode": 11235
  },
  {
    "uniqueid": 1014,
    "dateofbite": "May 14 2016",
    "species": "DOG",
    "breed": "Pit Bull",
    "age": "",
    "gender": "U",
    "spayneuter": "FALSE",
    "borough": "Brooklyn",
    "zipcode": 11238
  },
  {
    "uniqueid": 3082,
    "dateofbite": "May 14 2016",
    "species": "DOG",
    "breed": "ALPACA",
    "age": "",
    "gender": "U",
    "spayneuter": "FALSE",
    "borough": "Bronx",
    "zipcode": 10460
  },
  {
    "uniqueid": 3103,
    "dateofbite": "May 14 2016",
    "species": "DOG",
    "breed": "Basset Hound",
    "age": 10,
    "gender": "M",
    "spayneuter": "TRUE",
    "borough": "Bronx",
    "zipcode": 10471
  },
  {
    "uniqueid": 5116,
    "dateofbite": "May 14 2016",
    "species": "DOG",
    "breed": "Chihuahua",
    "age": 6,
    "gender": "M",
    "spayneuter": "TRUE",
    "borough": "Manhattan",
    "zipcode": 10019
  },
  {
    "uniqueid": 5138,
    "dateofbite": "May 14 2016",
    "species": "DOG",
    "breed": "Unknown",
    "age": "",
    "gender": "U",
    "spayneuter": "FALSE",
    "borough": "Manhattan",
    "zipcode": 10128
  },
  {
    "uniqueid": 6587,
    "dateofbite": "May 14 2016",
    "species": "DOG",
    "breed": "MALTESE",
    "age": 2,
    "gender": "M",
    "spayneuter": "TRUE",
    "borough": "Other",
    "zipcode": 11758
  },
  {
    "uniqueid": 7969,
    "dateofbite": "May 14 2016",
    "species": "DOG",
    "breed": "Golden Retriever",
    "age": "3 YRS",
    "gender": "M",
    "spayneuter": "TRUE",
    "borough": "Queens",
    "zipcode": 11378
  },
  {
    "uniqueid": 7970,
    "dateofbite": "May 14 2016",
    "species": "DOG",
    "breed": "Maltese",
    "age": 2,
    "gender": "M",
    "spayneuter": "TRUE",
    "borough": "Queens",
    "zipcode": 11365
  },
  {
    "uniqueid": 7972,
    "dateofbite": "May 14 2016",
    "species": "DOG",
    "breed": "SHIH TZU/POODLE",
    "age": "3 YRS",
    "gender": "M",
    "spayneuter": "FALSE",
    "borough": "Queens",
    "zipcode": ""
  },
  {
    "uniqueid": 7983,
    "dateofbite": "May 14 2016",
    "species": "DOG",
    "breed": "Chihuahua",
    "age": "",
    "gender": "U",
    "spayneuter": "FALSE",
    "borough": "Queens",
    "zipcode": 11104
  },
  {
    "uniqueid": 8001,
    "dateofbite": "May 14 2016",
    "species": "DOG",
    "breed": "Poodle, Standard",
    "age": "",
    "gender": "U",
    "spayneuter": "FALSE",
    "borough": "Queens",
    "zipcode": 11372
  },
  {
    "uniqueid": 1015,
    "dateofbite": "May 15 2016",
    "species": "DOG",
    "breed": "Pit Bull",
    "age": 9,
    "gender": "M",
    "spayneuter": "FALSE",
    "borough": "Brooklyn",
    "zipcode": 11209
  },
  {
    "uniqueid": 3107,
    "dateofbite": "May 15 2016",
    "species": "DOG",
    "breed": "Miniature Pinscher",
    "age": "",
    "gender": "U",
    "spayneuter": "FALSE",
    "borough": "Bronx",
    "zipcode": 10474
  },
  {
    "uniqueid": 5117,
    "dateofbite": "May 15 2016",
    "species": "DOG",
    "breed": "American Pit Bull Mix / Pit Bull Mix",
    "age": "4 YRS",
    "gender": "M",
    "spayneuter": "TRUE",
    "borough": "Manhattan",
    "zipcode": 10027
  },
  {
    "uniqueid": 5121,
    "dateofbite": "May 15 2016",
    "species": "DOG",
    "breed": "SCOTTIE/LHASA AHPSO",
    "age": 14,
    "gender": "F",
    "spayneuter": "TRUE",
    "borough": "Manhattan",
    "zipcode": 10028
  },
  {
    "uniqueid": 5122,
    "dateofbite": "May 15 2016",
    "species": "DOG",
    "breed": "Unknown",
    "age": "",
    "gender": "U",
    "spayneuter": "FALSE",
    "borough": "Manhattan",
    "zipcode": 10003
  },
  {
    "uniqueid": 7968,
    "dateofbite": "May 15 2016",
    "species": "DOG",
    "breed": "Pit Bull",
    "age": "3 YRS",
    "gender": "M",
    "spayneuter": "FALSE",
    "borough": "Queens",
    "zipcode": 11372
  },
  {
    "uniqueid": 7971,
    "dateofbite": "May 15 2016",
    "species": "DOG",
    "breed": "German Shepherd",
    "age": "",
    "gender": "U",
    "spayneuter": "FALSE",
    "borough": "Queens",
    "zipcode": 11373
  },
  {
    "uniqueid": 3084,
    "dateofbite": "May 16 2016",
    "species": "DOG",
    "breed": "Unknown",
    "age": "",
    "gender": "U",
    "spayneuter": "FALSE",
    "borough": "Bronx",
    "zipcode": 10457
  },
  {
    "uniqueid": 3124,
    "dateofbite": "May 16 2016",
    "species": "DOG",
    "breed": "Chow Chow",
    "age": "",
    "gender": "M",
    "spayneuter": "FALSE",
    "borough": "Bronx",
    "zipcode": ""
  },
  {
    "uniqueid": 5119,
    "dateofbite": "May 16 2016",
    "species": "DOG",
    "breed": "Labrador Retriever",
    "age": 1,
    "gender": "F",
    "spayneuter": "TRUE",
    "borough": "Manhattan",
    "zipcode": 10016
  },
  {
    "uniqueid": 7973,
    "dateofbite": "May 16 2016",
    "species": "DOG",
    "breed": "GERMAN SHEPHERD",
    "age": 7,
    "gender": "M",
    "spayneuter": "FALSE",
    "borough": "Queens",
    "zipcode": 11434
  },
  {
    "uniqueid": 7982,
    "dateofbite": "May 16 2016",
    "species": "DOG",
    "breed": "Beagle Crossbreed",
    "age": 8,
    "gender": "U",
    "spayneuter": "FALSE",
    "borough": "Queens",
    "zipcode": 11418
  },
  {
    "uniqueid": 1010,
    "dateofbite": "May 17 2016",
    "species": "DOG",
    "breed": "Pointer, German Shorthaired",
    "age": "11 MTHS",
    "gender": "M",
    "spayneuter": "FALSE",
    "borough": "Brooklyn",
    "zipcode": 11220
  },
  {
    "uniqueid": 1017,
    "dateofbite": "May 17 2016",
    "species": "DOG",
    "breed": "American Staffordshire Terrier",
    "age": 2,
    "gender": "M",
    "spayneuter": "TRUE",
    "borough": "Brooklyn",
    "zipcode": 11208
  },
  {
    "uniqueid": 1018,
    "dateofbite": "May 17 2016",
    "species": "DOG",
    "breed": "Pit Bull",
    "age": "",
    "gender": "U",
    "spayneuter": "FALSE",
    "borough": "Brooklyn",
    "zipcode": 11236
  },
  {
    "uniqueid": 1019,
    "dateofbite": "May 17 2016",
    "species": "DOG",
    "breed": "Rottweiler",
    "age": 1,
    "gender": "M",
    "spayneuter": "TRUE",
    "borough": "Brooklyn",
    "zipcode": 11204
  },
  {
    "uniqueid": 5120,
    "dateofbite": "May 17 2016",
    "species": "DOG",
    "breed": "Unknown",
    "age": "",
    "gender": "U",
    "spayneuter": "FALSE",
    "borough": "Manhattan",
    "zipcode": 10012
  },
  {
    "uniqueid": 9770,
    "dateofbite": "May 17 2016",
    "species": "DOG",
    "breed": "PIT BULL",
    "age": 2,
    "gender": "M",
    "spayneuter": "FALSE",
    "borough": "Staten Island",
    "zipcode": 10306
  },
  {
    "uniqueid": 1020,
    "dateofbite": "May 18 2016",
    "species": "DOG",
    "breed": "Mixed/Other",
    "age": "2 YRS",
    "gender": "M",
    "spayneuter": "TRUE",
    "borough": "Brooklyn",
    "zipcode": 11201
  },
  {
    "uniqueid": 1033,
    "dateofbite": "May 18 2016",
    "species": "DOG",
    "breed": "Unknown",
    "age": "",
    "gender": "U",
    "spayneuter": "FALSE",
    "borough": "Brooklyn",
    "zipcode": ""
  },
  {
    "uniqueid": 3086,
    "dateofbite": "May 18 2016",
    "species": "DOG",
    "breed": "Chihuahua",
    "age": "",
    "gender": "U",
    "spayneuter": "FALSE",
    "borough": "Bronx",
    "zipcode": 10458
  },
  {
    "uniqueid": 3087,
    "dateofbite": "May 18 2016",
    "species": "DOG",
    "breed": "Shih Tzu",
    "age": "",
    "gender": "U",
    "spayneuter": "FALSE",
    "borough": "Bronx",
    "zipcode": ""
  },
  {
    "uniqueid": 7978,
    "dateofbite": "May 18 2016",
    "species": "DOG",
    "breed": "Pit Bull",
    "age": "",
    "gender": "F",
    "spayneuter": "TRUE",
    "borough": "Queens",
    "zipcode": 11436
  },
  {
    "uniqueid": 7980,
    "dateofbite": "May 18 2016",
    "species": "DOG",
    "breed": "Unknown",
    "age": "",
    "gender": "U",
    "spayneuter": "FALSE",
    "borough": "Queens",
    "zipcode": 11356
  },
  {
    "uniqueid": 7981,
    "dateofbite": "May 18 2016",
    "species": "DOG",
    "breed": "Chihuahua",
    "age": 5,
    "gender": "M",
    "spayneuter": "TRUE",
    "borough": "Queens",
    "zipcode": ""
  },
  {
    "uniqueid": 7993,
    "dateofbite": "May 18 2016",
    "species": "DOG",
    "breed": "Beagle",
    "age": "15 YRS",
    "gender": "M",
    "spayneuter": "TRUE",
    "borough": "Queens",
    "zipcode": ""
  },
  {
    "uniqueid": 8023,
    "dateofbite": "May 18 2016",
    "species": "DOG",
    "breed": "Maltese",
    "age": "2 YRS",
    "gender": "F",
    "spayneuter": "FALSE",
    "borough": "Queens",
    "zipcode": 11422
  }
]