[
  {
    "ID": 1001,
    "DateOfBite": "May 11 2016",
    "Species": "DOG",
    "Breed": "American Pit Bull Mix / Pit Bull Mix",
    "Age": 1,
    "Gender": "U",
    "SpayNeuter": "FALSE",
    "Borough": "Brooklyn",
    "ZipCode": 11210
  },
  {
    "ID": 1003,
    "DateOfBite": "May 11 2016",
    "Species": "DOG",
    "Breed": "Pit Bull",
    "Age": "",
    "Gender": "U",
    "SpayNeuter": "FALSE",
    "Borough": "Brooklyn",
    "ZipCode": 11212
  },
  {
    "ID": 1011,
    "DateOfBite": "May 11 2016",
    "Species": "DOG",
    "Breed": "Jack Russ",
    "Age": 7,
    "Gender": "M",
    "SpayNeuter": "TRUE",
    "Borough": "Brooklyn",
    "ZipCode": 11238
  },
  {
    "ID": 1016,
    "DateOfBite": "May 11 2016",
    "Species": "DOG",
    "Breed": "Pit Bull",
    "Age": "",
    "Gender": "U",
    "SpayNeuter": "FALSE",
    "Borough": "Brooklyn",
    "ZipCode": 11212
  },
  {
    "ID": 3080,
    "DateOfBite": "May 11 2016",
    "Species": "DOG",
    "Breed": "Shih Tzu",
    "Age": 9,
    "Gender": "F",
    "SpayNeuter": "FALSE",
    "Borough": "Bronx",
    "ZipCode": 10451
  },
  {
    "ID": 5114,
    "DateOfBite": "May 11 2016",
    "Species": "DOG",
    "Breed": "Unknown",
    "Age": "",
    "Gender": "U",
    "SpayNeuter": "FALSE",
    "Borough": "Manhattan",
    "ZipCode": 10027
  },
  {
    "ID": 5137,
    "DateOfBite": "May 11 2016",
    "Species": "DOG",
    "Breed": "Chihuahua Crossbreed",
    "Age": 2,
    "Gender": "M",
    "SpayNeuter": "TRUE",
    "Borough": "Manhattan",
    "ZipCode": 10025
  },
  {
    "ID": 5297,
    "DateOfBite": "May 11 2016",
    "Species": "DOG",
    "Breed": "Pit Bull",
    "Age": 1,
    "Gender": "U",
    "SpayNeuter": "FALSE",
    "Borough": "Manhattan",
    "ZipCode": 10023
  },
  {
    "ID": 6615,
    "DateOfBite": "May 11 2016",
    "Species": "DOG",
    "Breed": "Chihuahua",
    "Age": 7,
    "Gender": "M",
    "SpayNeuter": "FALSE",
    "Borough": "Other",
    "ZipCode": 10566
  },
  {
    "ID": 1005,
    "DateOfBite": "May 12 2016",
    "Species": "DOG",
    "Breed": "Beagle Crossbreed",
    "Age": 4,
    "Gender": "M",
    "SpayNeuter": "TRUE",
    "Borough": "Brooklyn",
    "ZipCode": 11223
  },
  {
    "ID": 1008,
    "DateOfBite": "May 12 2016",
    "Species": "DOG",
    "Breed": "POODLE X",
    "Age": 12,
    "Gender": "M",
    "SpayNeuter": "TRUE",
    "Borough": "Brooklyn",
    "ZipCode": 11237
  },
  {
    "ID": 1012,
    "DateOfBite": "May 12 2016",
    "Species": "DOG",
    "Breed": "Unknown",
    "Age": "",
    "Gender": "U",
    "SpayNeuter": "FALSE",
    "Borough": "Brooklyn",
    "ZipCode": ""
  },
  {
    "ID": 1029,
    "DateOfBite": "May 12 2016",
    "Species": "DOG",
    "Breed": "Rottweiler",
    "Age": 2,
    "Gender": "M",
    "SpayNeuter": "TRUE",
    "Borough": "Brooklyn",
    "ZipCode": 11215
  },
  {
    "ID": 3076,
    "DateOfBite": "May 12 2016",
    "Species": "DOG",
    "Breed": "Jack Russ",
    "Age": 8,
    "Gender": "M",
    "SpayNeuter": "TRUE",
    "Borough": "Bronx",
    "ZipCode": 10461
  },
  {
    "ID": 3078,
    "DateOfBite": "May 12 2016",
    "Species": "DOG",
    "Breed": "Bull dog",
    "Age": 6,
    "Gender": "M",
    "SpayNeuter": "FALSE",
    "Borough": "Bronx",
    "ZipCode": 10469
  },
  {
    "ID": 3081,
    "DateOfBite": "May 12 2016",
    "Species": "DOG",
    "Breed": "HUSKY",
    "Age": "",
    "Gender": "U",
    "SpayNeuter": "FALSE",
    "Borough": "Bronx",
    "ZipCode": ""
  },
  {
    "ID": 5118,
    "DateOfBite": "May 12 2016",
    "Species": "DOG",
    "Breed": "MASTIFF",
    "Age": "2 YRS",
    "Gender": "M",
    "SpayNeuter": "TRUE",
    "Borough": "Manhattan",
    "ZipCode": ""
  },
  {
    "ID": 7974,
    "DateOfBite": "May 12 2016",
    "Species": "DOG",
    "Breed": "Yorkshire Terrier",
    "Age": 13,
    "Gender": "M",
    "SpayNeuter": "TRUE",
    "Borough": "Queens",
    "ZipCode": 11356
  },
  {
    "ID": 7976,
    "DateOfBite": "May 12 2016",
    "Species": "DOG",
    "Breed": "Shih Tzu",
    "Age": 2,
    "Gender": "M",
    "SpayNeuter": "FALSE",
    "Borough": "Queens",
    "ZipCode": ""
  },
  {
    "ID": 8055,
    "DateOfBite": "May 12 2016",
    "Species": "DOG",
    "Breed": "Bull dog",
    "Age": "",
    "Gender": "U",
    "SpayNeuter": "FALSE",
    "Borough": "Queens",
    "ZipCode": 11374
  },
  {
    "ID": 9767,
    "DateOfBite": "May 12 2016",
    "Species": "DOG",
    "Breed": "Shih Tzu",
    "Age": "8 YRS",
    "Gender": "M",
    "SpayNeuter": "TRUE",
    "Borough": "Staten Island",
    "ZipCode": 10306
  },
  {
    "ID": 9768,
    "DateOfBite": "May 12 2016",
    "Species": "DOG",
    "Breed": "Boxer",
    "Age": "10 MTHS",
    "Gender": "M",
    "SpayNeuter": "FALSE",
    "Borough": "Staten Island",
    "ZipCode": 10307
  },
  {
    "ID": 1013,
    "DateOfBite": "May 13 2016",
    "Species": "DOG",
    "Breed": "Pit Bull",
    "Age": "",
    "Gender": "U",
    "SpayNeuter": "FALSE",
    "Borough": "Brooklyn",
    "ZipCode": ""
  },
  {
    "ID": 3083,
    "DateOfBite": "May 13 2016",
    "Species": "DOG",
    "Breed": "Chihuahua",
    "Age": "1 YR",
    "Gender": "M",
    "SpayNeuter": "FALSE",
    "Borough": "Bronx",
    "ZipCode": 10453
  },
  {
    "ID": 6586,
    "DateOfBite": "May 13 2016",
    "Species": "DOG",
    "Breed": "LASAH APSO/POODLE",
    "Age": "9 YRS",
    "Gender": "M",
    "SpayNeuter": "TRUE",
    "Borough": "Other",
    "ZipCode": 10701
  },
  {
    "ID": 7977,
    "DateOfBite": "May 13 2016",
    "Species": "DOG",
    "Breed": "MUTT",
    "Age": "",
    "Gender": "F",
    "SpayNeuter": "FALSE",
    "Borough": "Queens",
    "ZipCode": 11429
  },
  {
    "ID": 1006,
    "DateOfBite": "May 14 2016",
    "Species": "DOG",
    "Breed": "Pit Bull",
    "Age": 4,
    "Gender": "U",
    "SpayNeuter": "FALSE",
    "Borough": "Brooklyn",
    "ZipCode": 11208
  },
  {
    "ID": 1007,
    "DateOfBite": "May 14 2016",
    "Species": "DOG",
    "Breed": "Mixed/Other",
    "Age": "",
    "Gender": "U",
    "SpayNeuter": "FALSE",
    "Borough": "Brooklyn",
    "ZipCode": 11235
  },
  {
    "ID": 1014,
    "DateOfBite": "May 14 2016",
    "Species": "DOG",
    "Breed": "Pit Bull",
    "Age": "",
    "Gender": "U",
    "SpayNeuter": "FALSE",
    "Borough": "Brooklyn",
    "ZipCode": 11238
  },
  {
    "ID": 3082,
    "DateOfBite": "May 14 2016",
    "Species": "DOG",
    "Breed": "ALPACA",
    "Age": "",
    "Gender": "U",
    "SpayNeuter": "FALSE",
    "Borough": "Bronx",
    "ZipCode": 10460
  },
  {
    "ID": 3103,
    "DateOfBite": "May 14 2016",
    "Species": "DOG",
    "Breed": "Basset Hound",
    "Age": 10,
    "Gender": "M",
    "SpayNeuter": "TRUE",
    "Borough": "Bronx",
    "ZipCode": 10471
  },
  {
    "ID": 5116,
    "DateOfBite": "May 14 2016",
    "Species": "DOG",
    "Breed": "Chihuahua",
    "Age": 6,
    "Gender": "M",
    "SpayNeuter": "TRUE",
    "Borough": "Manhattan",
    "ZipCode": 10019
  },
  {
    "ID": 5138,
    "DateOfBite": "May 14 2016",
    "Species": "DOG",
    "Breed": "Unknown",
    "Age": "",
    "Gender": "U",
    "SpayNeuter": "FALSE",
    "Borough": "Manhattan",
    "ZipCode": 10128
  },
  {
    "ID": 6587,
    "DateOfBite": "May 14 2016",
    "Species": "DOG",
    "Breed": "MALTESE",
    "Age": 2,
    "Gender": "M",
    "SpayNeuter": "TRUE",
    "Borough": "Other",
    "ZipCode": 11758
  },
  {
    "ID": 7969,
    "DateOfBite": "May 14 2016",
    "Species": "DOG",
    "Breed": "Golden Retriever",
    "Age": "3 YRS",
    "Gender": "M",
    "SpayNeuter": "TRUE",
    "Borough": "Queens",
    "ZipCode": 11378
  },
  {
    "ID": 7970,
    "DateOfBite": "May 14 2016",
    "Species": "DOG",
    "Breed": "Maltese",
    "Age": 2,
    "Gender": "M",
    "SpayNeuter": "TRUE",
    "Borough": "Queens",
    "ZipCode": 11365
  },
  {
    "ID": 7972,
    "DateOfBite": "May 14 2016",
    "Species": "DOG",
    "Breed": "SHIH TZU/POODLE",
    "Age": "3 YRS",
    "Gender": "M",
    "SpayNeuter": "FALSE",
    "Borough": "Queens",
    "ZipCode": ""
  },
  {
    "ID": 7983,
    "DateOfBite": "May 14 2016",
    "Species": "DOG",
    "Breed": "Chihuahua",
    "Age": "",
    "Gender": "U",
    "SpayNeuter": "FALSE",
    "Borough": "Queens",
    "ZipCode": 11104
  },
  {
    "ID": 8001,
    "DateOfBite": "May 14 2016",
    "Species": "DOG",
    "Breed": "Poodle, Standard",
    "Age": "",
    "Gender": "U",
    "SpayNeuter": "FALSE",
    "Borough": "Queens",
    "ZipCode": 11372
  },
  {
    "ID": 1015,
    "DateOfBite": "May 15 2016",
    "Species": "DOG",
    "Breed": "Pit Bull",
    "Age": 9,
    "Gender": "M",
    "SpayNeuter": "FALSE",
    "Borough": "Brooklyn",
    "ZipCode": 11209
  },
  {
    "ID": 3107,
    "DateOfBite": "May 15 2016",
    "Species": "DOG",
    "Breed": "Miniature Pinscher",
    "Age": "",
    "Gender": "U",
    "SpayNeuter": "FALSE",
    "Borough": "Bronx",
    "ZipCode": 10474
  },
  {
    "ID": 5117,
    "DateOfBite": "May 15 2016",
    "Species": "DOG",
    "Breed": "American Pit Bull Mix / Pit Bull Mix",
    "Age": "4 YRS",
    "Gender": "M",
    "SpayNeuter": "TRUE",
    "Borough": "Manhattan",
    "ZipCode": 10027
  },
  {
    "ID": 5121,
    "DateOfBite": "May 15 2016",
    "Species": "DOG",
    "Breed": "SCOTTIE/LHASA AHPSO",
    "Age": 14,
    "Gender": "F",
    "SpayNeuter": "TRUE",
    "Borough": "Manhattan",
    "ZipCode": 10028
  },
  {
    "ID": 5122,
    "DateOfBite": "May 15 2016",
    "Species": "DOG",
    "Breed": "Unknown",
    "Age": "",
    "Gender": "U",
    "SpayNeuter": "FALSE",
    "Borough": "Manhattan",
    "ZipCode": 10003
  },
  {
    "ID": 7968,
    "DateOfBite": "May 15 2016",
    "Species": "DOG",
    "Breed": "Pit Bull",
    "Age": "3 YRS",
    "Gender": "M",
    "SpayNeuter": "FALSE",
    "Borough": "Queens",
    "ZipCode": 11372
  },
  {
    "ID": 7971,
    "DateOfBite": "May 15 2016",
    "Species": "DOG",
    "Breed": "German Shepherd",
    "Age": "",
    "Gender": "U",
    "SpayNeuter": "FALSE",
    "Borough": "Queens",
    "ZipCode": 11373
  },
  {
    "ID": 3084,
    "DateOfBite": "May 16 2016",
    "Species": "DOG",
    "Breed": "Unknown",
    "Age": "",
    "Gender": "U",
    "SpayNeuter": "FALSE",
    "Borough": "Bronx",
    "ZipCode": 10457
  },
  {
    "ID": 3124,
    "DateOfBite": "May 16 2016",
    "Species": "DOG",
    "Breed": "Chow Chow",
    "Age": "",
    "Gender": "M",
    "SpayNeuter": "FALSE",
    "Borough": "Bronx",
    "ZipCode": ""
  },
  {
    "ID": 5119,
    "DateOfBite": "May 16 2016",
    "Species": "DOG",
    "Breed": "Labrador Retriever",
    "Age": 1,
    "Gender": "F",
    "SpayNeuter": "TRUE",
    "Borough": "Manhattan",
    "ZipCode": 10016
  },
  {
    "ID": 7973,
    "DateOfBite": "May 16 2016",
    "Species": "DOG",
    "Breed": "GERMAN SHEPHERD",
    "Age": 7,
    "Gender": "M",
    "SpayNeuter": "FALSE",
    "Borough": "Queens",
    "ZipCode": 11434
  },
  {
    "ID": 7982,
    "DateOfBite": "May 16 2016",
    "Species": "DOG",
    "Breed": "Beagle Crossbreed",
    "Age": 8,
    "Gender": "U",
    "SpayNeuter": "FALSE",
    "Borough": "Queens",
    "ZipCode": 11418
  },
  {
    "ID": 1010,
    "DateOfBite": "May 17 2016",
    "Species": "DOG",
    "Breed": "Pointer, German Shorthaired",
    "Age": "11 MTHS",
    "Gender": "M",
    "SpayNeuter": "FALSE",
    "Borough": "Brooklyn",
    "ZipCode": 11220
  },
  {
    "ID": 1017,
    "DateOfBite": "May 17 2016",
    "Species": "DOG",
    "Breed": "American Staffordshire Terrier",
    "Age": 2,
    "Gender": "M",
    "SpayNeuter": "TRUE",
    "Borough": "Brooklyn",
    "ZipCode": 11208
  },
  {
    "ID": 1018,
    "DateOfBite": "May 17 2016",
    "Species": "DOG",
    "Breed": "Pit Bull",
    "Age": "",
    "Gender": "U",
    "SpayNeuter": "FALSE",
    "Borough": "Brooklyn",
    "ZipCode": 11236
  },
  {
    "ID": 1019,
    "DateOfBite": "May 17 2016",
    "Species": "DOG",
    "Breed": "Rottweiler",
    "Age": 1,
    "Gender": "M",
    "SpayNeuter": "TRUE",
    "Borough": "Brooklyn",
    "ZipCode": 11204
  },
  {
    "ID": 5120,
    "DateOfBite": "May 17 2016",
    "Species": "DOG",
    "Breed": "Unknown",
    "Age": "",
    "Gender": "U",
    "SpayNeuter": "FALSE",
    "Borough": "Manhattan",
    "ZipCode": 10012
  },
  {
    "ID": 9770,
    "DateOfBite": "May 17 2016",
    "Species": "DOG",
    "Breed": "PIT BULL",
    "Age": 2,
    "Gender": "M",
    "SpayNeuter": "FALSE",
    "Borough": "Staten Island",
    "ZipCode": 10306
  },
  {
    "ID": 1020,
    "DateOfBite": "May 18 2016",
    "Species": "DOG",
    "Breed": "Mixed/Other",
    "Age": "2 YRS",
    "Gender": "M",
    "SpayNeuter": "TRUE",
    "Borough": "Brooklyn",
    "ZipCode": 11201
  },
  {
    "ID": 1033,
    "DateOfBite": "May 18 2016",
    "Species": "DOG",
    "Breed": "Unknown",
    "Age": "",
    "Gender": "U",
    "SpayNeuter": "FALSE",
    "Borough": "Brooklyn",
    "ZipCode": ""
  },
  {
    "ID": 3086,
    "DateOfBite": "May 18 2016",
    "Species": "DOG",
    "Breed": "Chihuahua",
    "Age": "",
    "Gender": "U",
    "SpayNeuter": "FALSE",
    "Borough": "Bronx",
    "ZipCode": 10458
  },
  {
    "ID": 3087,
    "DateOfBite": "May 18 2016",
    "Species": "DOG",
    "Breed": "Shih Tzu",
    "Age": "",
    "Gender": "U",
    "SpayNeuter": "FALSE",
    "Borough": "Bronx",
    "ZipCode": ""
  },
  {
    "ID": 7978,
    "DateOfBite": "May 18 2016",
    "Species": "DOG",
    "Breed": "Pit Bull",
    "Age": "",
    "Gender": "F",
    "SpayNeuter": "TRUE",
    "Borough": "Queens",
    "ZipCode": 11436
  },
  {
    "ID": 7980,
    "DateOfBite": "May 18 2016",
    "Species": "DOG",
    "Breed": "Unknown",
    "Age": "",
    "Gender": "U",
    "SpayNeuter": "FALSE",
    "Borough": "Queens",
    "ZipCode": 11356
  },
  {
    "ID": 7981,
    "DateOfBite": "May 18 2016",
    "Species": "DOG",
    "Breed": "Chihuahua",
    "Age": 5,
    "Gender": "M",
    "SpayNeuter": "TRUE",
    "Borough": "Queens",
    "ZipCode": ""
  },
  {
    "ID": 7993,
    "DateOfBite": "May 18 2016",
    "Species": "DOG",
    "Breed": "Beagle",
    "Age": "15 YRS",
    "Gender": "M",
    "SpayNeuter": "TRUE",
    "Borough": "Queens",
    "ZipCode": ""
  },
  {
    "ID": 8023,
    "DateOfBite": "May 18 2016",
    "Species": "DOG",
    "Breed": "Maltese",
    "Age": "2 YRS",
    "Gender": "F",
    "SpayNeuter": "FALSE",
    "Borough": "Queens",
    "ZipCode": 11422
  }
]